<?xml version="1.0" encoding="UTF-8"?>
<project-private xmlns="http://www.netbeans.org/ns/project-private/1">
    <editor-bookmarks xmlns="http://www.netbeans.org/ns/editor-bookmarks/2" lastBookmarkId="0"/>
    <open-files xmlns="http://www.netbeans.org/ns/projectui-open-files/2">
        <group>
            <file>file:/D:/Java/RustRepair/src/model/Employee.java</file>
            <file>file:/D:/Java/RustRepair/src/model/SparePart.java</file>
            <file>file:/D:/Java/RustRepair/src/model/CRUD.java</file>
            <file>file:/D:/Java/RustRepair/src/rustrepair/GUI.java</file>
            <file>file:/D:/Java/RustRepair/src/model/Customer.java</file>
            <file>file:/D:/Java/RustRepair/src/model/Report.java</file>
            <file>file:/D:/Java/RustRepair/src/DB/Database.java</file>
            <file>file:/D:/Java/RustRepair/src/model/Job.java</file>
            <file>file:/D:/Java/RustRepair/src/model/Person.java</file>
            <file>file:/D:/Java/RustRepair/src/model/Repair.java</file>
            <file>file:/D:/Java/RustRepair/src/model/Restoration.java</file>
            <file>file:/D:/Java/RustRepair/src/model/Supplier.java</file>
        </group>
    </open-files>
</project-private>
